{"topology": [9, 9, 9], "weights": [0.05622591747448291, 0.6095942232390852, 0.23247759321706168, -0.1926965642252646, 0.32556166041283696, 0.38471258229998306, -0.1319029087454151, 0.2343754880986254, 0.07257120669351269, -0.334914652033777, -0.12447911429108843, -0.4253844021987624, 0.5571787773627193, 0.3122212563089839, -0.003685376533834216, -0.13986304487829737, -0.04144307932956816, -0.13851028188950076, 0.04130491226994529, 0.6600626624019803, 0.02009973997102648, -0.003705078575861202, 0.5291731072887309, 0.017961660393759744, -0.2840266409239799, 0.36044169323214637, -0.012460576191746887, 0.3871803641720397, 0.24093374322234978, -0.3013831505647562, 0.6080773934593913, -0.3529898644944667, 0.15078791738056513, 0.6121409365895467, -0.5038810099461459, 0.4836159265500126, 0.30193747292207496, 0.5002108249336408, 0.06370651198128224, 0.15775083804647072, -0.34873431067827276, -0.15035610530026028, -0.17406588020157715, -0.37089298452859754, 0.5895631389928089, 0.15902584287586852, -0.34797579509942556, -0.21346892694905112, -0.15893261144067666, -0.1473583839751869, 0.281536949049482, -0.10954457211588636, -0.09366443023896001, 0.2501440849913107, 0.15549636523333754, -0.04422935197554195, 0.11540022763741811, 0.0914827213353753, -0.0847138277673059, -0.035677453778939966, -0.46893097569304665, 0.3617347265579036, -0.11035568966083445, 0.12011161767702191, 0.31337425471846336, 0.19492612539838589, 0.2880089999517049, -0.0065547988561573765, 0.13415529999292503, 0.37201202257532906, -0.5831708137930889, 0.34472859748895945, 0.3084636019292242, 0.4228743510328119, -0.7349227141834453, -0.535103103089787, 0.20867925248769953, -0.06014212101965001, -0.08004099030031062, -0.17929989046991257, 0.17564921638343067, -0.00025170932194861406, 0.4572821405586026, -0.4760183971385994, 0.17247334635865946, -0.3803030960521596, 0.19522758248921374, -0.28607298858180485, -0.3939050261443018, -0.35327218066946775, 0.23377220977460733, 0.6001108603119416, 0.19430932531695, -0.20299264831758035, 0.49883620942420404, -0.5783751965942636, -0.25848632584903763, -0.24189016069596242, -0.18775006355829665, 0.23388478234560356, 0.19187262474986105, -0.007020787068954959, -0.3401810240129932, -0.6405147906590731, 0.2590043855997892, -0.4519580610755862, 0.5455679355994152, -0.4769561556743963, 0.05024119801803552, 0.09556738269099432, -0.027792886060336003, 0.07450831528753471, -0.21713044023704492, -0.012048476292658618, -0.22422323222909035, 0.4092138824952021, 0.3546022090641149, 0.20503091654498157, -0.01712193862025744, 0.33556249383807046, 0.1032497960244696, -0.1708032596234914, 0.32374115888667176, -0.20356612748624947, 0.12769284297924305, -0.6313915605992149, 0.2674557972760484, 0.6442922256283552, 0.22171544225251333, -0.022542581645130143, -0.17399435350157316, 0.47641412680009787, -0.39791694928166255, 0.08888092090069863, -0.08705137509426925, -0.08820241499230011, -0.27294086631567505, 0.3387493104296029, 0.4611348850663397, -0.2502668655597724, 0.12798305991623965, 0.22578796709723975, 0.3939713063866713, 0.5682141153616482, -0.7286868815632959, -0.6045973516360452, -0.031559349757742855, 0.194805637975342, 0.07682339084071421, 0.08265086301736724, -0.44215637565107624, -0.07300979139623176, 0.052385347467776705, -3.235925915393093e-05, 0.516483802229847, -0.36104782833778293, -0.0135641952257257, -0.0823914193260828, 0.43877189996330257, 0.190337540255349, -0.613579521290804, 0.6475169316910927, -0.4058117431993624, 0.04925108144305808, 0.39721936568438965, 0.30889847305893137, 0.07521166904133128, 0.007145098101615895, -0.34046358930013454, -0.4824523143470269, 0.02496367241927669, -0.4192235743643531, -0.05646403593700544, 0.19404244813158356, 0.2823837986929063, 0.3302978004110064, 0.05200407341784867, -0.12038466062277797, -0.02385287143720905, -0.4975461928701136]}