{"topology": [9, 9, 9], "weights": [-0.24498148946504528, 0.1441440716083473, -0.2118041741436072, 0.009021780974011092, 0.11155817925318609, -0.1058718113699624, 0.1761254953082695, 0.12289137931433233, 0.0525931122078233, 0.2583923784602188, 0.14972136402934366, -0.0260156279889475, -0.35608395985661545, -0.334972870791419, 0.20941990393449766, 0.08667342848746591, -0.21823141962535647, 0.08696658218354242, 0.13689333720375607, -0.3981029179581749, 0.165832002305836, 0.03195499036160833, -0.1632321829846598, -0.13680190573713963, -0.05288902025971681, -0.2982336512605553, -0.23847949979265298, 0.15426402821480306, 0.16382493350554206, 0.1143777789946082, -0.24066377676579187, -0.3536262589710544, 0.1524535779590746, -0.1290952203927579, -0.10992999598896669, 0.3294268976132987, -0.4379229195586857, -0.1859968623615595, 0.34315638818760497, -0.47053232279573803, -0.5841513291557446, 0.07775144162321629, -0.5446286490348153, -0.404007308937377, 0.2572426639506486, 0.150704830458259, -0.024651530986039366, 0.3057727696940836, 0.2948670753192249, -0.15578661152192358, 0.328193063265819, -0.3275843777104913, 0.14319043356292788, 0.09830673562134745, 0.0860714670905901, -0.06836185127716185, 0.013533750442394032, 0.12519768437609435, -0.15834087618166587, -0.17630748729160975, -0.43211581243839203, -0.2948338831575024, 0.3899180534176182, -0.17266046574015836, -0.20232081475593333, -0.3284509429709754, -0.29949839522812916, -0.0009716599892181416, -0.1712262272515626, 0.02786427823828114, 0.17531040573966175, 0.2238422751376509, 0.28579726612541667, 0.1848029802903866, 0.2094983208689754, 0.15685373720278356, -0.045251874579845, -0.03820239141914894, -0.06553590088866604, 0.2711685223906397, -0.09499713398825725, -0.2112958060250852, -0.08370132458776519, 0.0003929906720723864, -0.4497535749852156, -0.19999974083384345, 0.038919372136179506, 0.09534775659849758, 0.14597086034006448, 0.13508446574920296, 0.3559292113900183, -0.12300112005015582, 0.18609067980012814, 0.21734092231566124, -0.2680789612035277, -0.024698039782807574, -0.1719799659915794, 0.12962030588380669, 0.0829049118411194, -0.22913749978793957, -0.20947931414638038, 0.37462518566136654, 0.5580463700346483, 0.26574132181561383, 0.10272900320427465, 0.21014284548122714, -0.06813532714394652, 0.03095654939171697, -0.3403784276970965, 0.01170728960047768, 0.47296586511081057, -0.4761141856295087, 0.09428342470476689, 0.08269014199597763, -0.2538953826262037, -0.12945340065488187, 0.06423527730545595, 0.5286167024134472, 0.0673706285751699, -0.2944236128946126, 0.09222059320790081, 0.4116963773768138, -0.29852686822505464, -0.3711063615463903, 0.2928570805426436, 0.12900912784982882, 0.001791589644733956, -0.36566930521570096, 0.5430148948609708, 0.14684358039598608, 0.2948439485385769, 0.26791457703644994, -0.1589320742026264, 0.043937545077606666, -0.35635714062788126, -0.03021993441893498, 0.4084164955238493, 0.059129348380251835, -0.17947072829383828, 0.12953459051043725, -0.11944252777784906, 0.04128655178436279, 0.1518713865953754, 0.12409401501083982, -0.3210480554572979, -0.006857858809733809, 0.19313317320354212, 0.05551340558431607, 0.33877173924209825, 0.04623044517016052, -0.042415775542930176, -0.037934513846610673, 0.03266773733762302, 0.1796358473323949, 0.1423216338099611, -0.1814940258653153, -0.0982829813740057, -0.11071603078349102, 0.12368789255068247, -0.09800221065535597, -0.14873613324259755, -0.004010188558665501, 0.3162353044261895, 0.01283745322202079, -0.16903346566850388, -0.03676221919148589, -0.11796773487182592, -0.3074486267875881, -0.013844727781868054, -0.1351622413328284, 0.03453165960845814, 0.07885084070336887, -0.07827045426704428, -0.07870406021300572, 0.35519092453851053, -0.11592637629132901, 0.1093638887351262, 0.1571279437368149, -0.05531777788894594, 0.05187175579628893]}